SW,SW_0,8,0,,,
SW,SW_28,8,0,,,
SW,SW_119,8,0,,,
SW,SW_1,8,0,,,
SW,SW_13,8,0,,,
SW,SW_30,8,0,,,
SW,SW_73,8,0,,,
SW,SW_103,8,0,,,
SW,SW_122,8,0,,,
SW,SW_2,8,0,,,
SW,SW_71,8,0,,,
SW,SW_127,8,0,,,
SW,SW_3,8,0,,,
SW,SW_18,8,0,,,
SW,SW_54,8,0,,,
SW,SW_96,8,0,,,
SW,SW_4,8,0,,,
SW,SW_106,8,0,,,
SW,SW_5,8,0,,,
SW,SW_31,8,0,,,
SW,SW_46,8,0,,,
SW,SW_6,8,0,,,
SW,SW_52,8,0,,,
SW,SW_60,8,0,,,
SW,SW_81,8,0,,,
SW,SW_117,8,0,,,
SW,SW_7,8,0,,,
SW,SW_33,8,0,,,
SW,SW_8,8,0,,,
SW,SW_19,8,0,,,
SW,SW_51,8,0,,,
SW,SW_114,8,0,,,
SW,SW_9,8,0,,,
SW,SW_37,8,0,,,
SW,SW_77,8,0,,,
SW,SW_85,8,0,,,
SW,SW_10,8,0,,,
SW,SW_78,8,0,,,
SW,SW_82,8,0,,,
SW,SW_102,8,0,,,
SW,SW_11,8,0,,,
SW,SW_12,8,0,,,
SW,SW_25,8,0,,,
SW,SW_40,8,0,,,
SW,SW_55,8,0,,,
SW,SW_59,8,0,,,
SW,SW_67,8,0,,,
SW,SW_100,8,0,,,
SW,SW_112,8,0,,,
SW,SW_125,8,0,,,
SW,SW_14,8,0,,,
SW,SW_17,8,0,,,
SW,SW_50,8,0,,,
SW,SW_66,8,0,,,
SW,SW_72,8,0,,,
SW,SW_75,8,0,,,
SW,SW_15,8,0,,,
SW,SW_38,8,0,,,
SW,SW_16,8,0,,,
SW,SW_24,8,0,,,
SW,SW_47,8,0,,,
SW,SW_56,8,0,,,
SW,SW_88,8,0,,,
SW,SW_99,8,0,,,
SW,SW_63,8,0,,,
SW,SW_20,8,0,,,
SW,SW_48,8,0,,,
SW,SW_21,8,0,,,
SW,SW_22,8,0,,,
SW,SW_29,8,0,,,
SW,SW_45,8,0,,,
SW,SW_89,8,0,,,
SW,SW_23,8,0,,,
SW,SW_61,8,0,,,
SW,SW_70,8,0,,,
SW,SW_90,8,0,,,
SW,SW_108,8,0,,,
SW,SW_27,8,0,,,
SW,SW_92,8,0,,,
SW,SW_68,8,0,,,
SW,SW_84,8,0,,,
SW,SW_79,8,0,,,
SW,SW_39,8,0,,,
SW,SW_69,8,0,,,
SW,SW_34,8,0,,,
SW,SW_35,8,0,,,
SW,SW_36,8,0,,,
SW,SW_94,8,0,,,
SW,SW_41,8,0,,,
SW,SW_105,8,0,,,
SW,SW_87,8,0,,,
SW,SW_42,8,0,,,
SW,SW_43,8,0,,,
SW,SW_111,8,0,,,
SW,SW_44,8,0,,,
SW,SW_62,8,0,,,
SW,SW_109,8,0,,,
SW,SW_98,8,0,,,
SW,SW_116,8,0,,,
SW,SW_95,8,0,,,
SW,SW_49,8,0,,,
SW,SW_126,8,0,,,
SW,SW_93,8,0,,,
SW,SW_91,8,0,,,
SW,SW_124,8,0,,,
SW,SW_58,8,0,,,
SW,SW_74,8,0,,,
SW,SW_110,8,0,,,
SW,SW_64,8,0,,,
SW,SW_65,8,0,,,
SW,SW_101,8,0,,,
SW,SW_118,8,0,,,
SW,SW_107,8,0,,,
SW,SW_86,8,0,,,
SW,SW_104,8,0,,,
SW,SW_120,8,0,,,
SW,SW_115,8,0,,,
ES,ES_0,1,0,,,
ES,ES_0,1,0,,,
ES,ES_28,1,0,,,
ES,ES_28,1,0,,,
ES,ES_119,1,0,,,
ES,ES_119,1,0,,,
ES,ES_1,1,0,,,
ES,ES_1,1,0,,,
ES,ES_13,1,0,,,
ES,ES_30,1,0,,,
ES,ES_30,1,0,,,
ES,ES_73,1,0,,,
ES,ES_73,1,0,,,
ES,ES_103,1,0,,,
ES,ES_122,1,0,,,
ES,ES_2,1,0,,,
ES,ES_2,1,0,,,
ES,ES_71,1,0,,,
ES,ES_71,1,0,,,
ES,ES_3,1,0,,,
ES,ES_3,1,0,,,
ES,ES_18,1,0,,,
ES,ES_18,1,0,,,
ES,ES_54,1,0,,,
ES,ES_54,1,0,,,
ES,ES_96,1,0,,,
ES,ES_96,1,0,,,
ES,ES_4,1,0,,,
ES,ES_4,1,0,,,
ES,ES_106,1,0,,,
ES,ES_106,1,0,,,
ES,ES_5,1,0,,,
ES,ES_5,1,0,,,
ES,ES_31,1,0,,,
ES,ES_46,1,0,,,
ES,ES_46,1,0,,,
ES,ES_6,1,0,,,
ES,ES_6,1,0,,,
ES,ES_52,1,0,,,
ES,ES_52,1,0,,,
ES,ES_60,1,0,,,
ES,ES_60,1,0,,,
ES,ES_81,1,0,,,
ES,ES_81,1,0,,,
ES,ES_117,1,0,,,
ES,ES_117,1,0,,,
ES,ES_7,1,0,,,
ES,ES_7,1,0,,,
ES,ES_33,1,0,,,
ES,ES_33,1,0,,,
ES,ES_8,1,0,,,
ES,ES_8,1,0,,,
ES,ES_19,1,0,,,
ES,ES_51,1,0,,,
ES,ES_51,1,0,,,
ES,ES_114,1,0,,,
ES,ES_114,1,0,,,
ES,ES_9,1,0,,,
ES,ES_9,1,0,,,
ES,ES_37,1,0,,,
ES,ES_37,1,0,,,
ES,ES_77,1,0,,,
ES,ES_77,1,0,,,
ES,ES_10,1,0,,,
ES,ES_10,1,0,,,
ES,ES_78,1,0,,,
ES,ES_78,1,0,,,
ES,ES_82,1,0,,,
ES,ES_82,1,0,,,
ES,ES_11,1,0,,,
ES,ES_11,1,0,,,
ES,ES_12,1,0,,,
ES,ES_25,1,0,,,
ES,ES_25,1,0,,,
ES,ES_40,1,0,,,
ES,ES_40,1,0,,,
ES,ES_55,1,0,,,
ES,ES_55,1,0,,,
ES,ES_59,1,0,,,
ES,ES_59,1,0,,,
ES,ES_67,1,0,,,
ES,ES_67,1,0,,,
ES,ES_100,1,0,,,
ES,ES_100,1,0,,,
ES,ES_112,1,0,,,
ES,ES_112,1,0,,,
ES,ES_125,1,0,,,
ES,ES_125,1,0,,,
ES,ES_14,1,0,,,
ES,ES_17,1,0,,,
ES,ES_17,1,0,,,
ES,ES_50,1,0,,,
ES,ES_50,1,0,,,
ES,ES_72,1,0,,,
ES,ES_72,1,0,,,
ES,ES_75,1,0,,,
ES,ES_75,1,0,,,
ES,ES_15,1,0,,,
ES,ES_15,1,0,,,
ES,ES_38,1,0,,,
ES,ES_38,1,0,,,
ES,ES_16,1,0,,,
ES,ES_16,1,0,,,
ES,ES_24,1,0,,,
ES,ES_24,1,0,,,
ES,ES_47,1,0,,,
ES,ES_47,1,0,,,
ES,ES_56,1,0,,,
ES,ES_56,1,0,,,
ES,ES_88,1,0,,,
ES,ES_88,1,0,,,
ES,ES_99,1,0,,,
ES,ES_99,1,0,,,
ES,ES_63,1,0,,,
ES,ES_63,1,0,,,
ES,ES_20,1,0,,,
ES,ES_20,1,0,,,
ES,ES_21,1,0,,,
ES,ES_21,1,0,,,
ES,ES_22,1,0,,,
ES,ES_22,1,0,,,
ES,ES_29,1,0,,,
ES,ES_29,1,0,,,
ES,ES_45,1,0,,,
ES,ES_45,1,0,,,
ES,ES_89,1,0,,,
ES,ES_89,1,0,,,
ES,ES_23,1,0,,,
ES,ES_23,1,0,,,
ES,ES_61,1,0,,,
ES,ES_61,1,0,,,
ES,ES_70,1,0,,,
ES,ES_70,1,0,,,
ES,ES_90,1,0,,,
ES,ES_90,1,0,,,
ES,ES_108,1,0,,,
ES,ES_108,1,0,,,
ES,ES_27,1,0,,,
ES,ES_27,1,0,,,
ES,ES_92,1,0,,,
ES,ES_68,1,0,,,
ES,ES_68,1,0,,,
ES,ES_84,1,0,,,
ES,ES_39,1,0,,,
ES,ES_39,1,0,,,
ES,ES_69,1,0,,,
ES,ES_69,1,0,,,
ES,ES_34,1,0,,,
ES,ES_34,1,0,,,
ES,ES_35,1,0,,,
ES,ES_35,1,0,,,
ES,ES_36,1,0,,,
ES,ES_36,1,0,,,
ES,ES_94,1,0,,,
ES,ES_94,1,0,,,
ES,ES_41,1,0,,,
ES,ES_41,1,0,,,
ES,ES_105,1,0,,,
ES,ES_105,1,0,,,
ES,ES_87,1,0,,,
ES,ES_87,1,0,,,
ES,ES_43,1,0,,,
ES,ES_43,1,0,,,
ES,ES_111,1,0,,,
ES,ES_111,1,0,,,
ES,ES_44,1,0,,,
ES,ES_44,1,0,,,
ES,ES_62,1,0,,,
ES,ES_62,1,0,,,
ES,ES_109,1,0,,,
ES,ES_109,1,0,,,
ES,ES_98,1,0,,,
ES,ES_98,1,0,,,
ES,ES_116,1,0,,,
ES,ES_116,1,0,,,
ES,ES_95,1,0,,,
ES,ES_95,1,0,,,
ES,ES_49,1,0,,,
ES,ES_49,1,0,,,
ES,ES_126,1,0,,,
ES,ES_126,1,0,,,
ES,ES_93,1,0,,,
ES,ES_93,1,0,,,
ES,ES_91,1,0,,,
ES,ES_91,1,0,,,
ES,ES_124,1,0,,,
ES,ES_124,1,0,,,
ES,ES_58,1,0,,,
ES,ES_58,1,0,,,
ES,ES_74,1,0,,,
ES,ES_74,1,0,,,
ES,ES_110,1,0,,,
ES,ES_110,1,0,,,
ES,ES_64,1,0,,,
ES,ES_64,1,0,,,
ES,ES_65,1,0,,,
ES,ES_65,1,0,,,
ES,ES_101,1,0,,,
ES,ES_101,1,0,,,
ES,ES_118,1,0,,,
ES,ES_118,1,0,,,
ES,ES_107,1,0,,,
ES,ES_107,1,0,,,
ES,ES_86,1,0,,,
ES,ES_86,1,0,,,
ES,ES_104,1,0,,,
ES,ES_104,1,0,,,
ES,ES_120,1,0,,,
ES,ES_120,1,0,,,
ES,ES_115,1,0,,,
ES,ES_115,1,0,,,
LINK,Link_1,SW_0,0,SW_28,0,0
LINK,Link_2,SW_0,1,SW_119,0,0
LINK,Link_3,SW_0,2,ES_0,1,0
LINK,Link_4,SW_0,3,ES_0,1,0
LINK,Link_5,SW_28,1,ES_28,1,0
LINK,Link_6,SW_28,2,ES_28,1,0
LINK,Link_7,SW_119,1,SW_2,0,0
LINK,Link_8,SW_119,2,SW_43,0,0
LINK,Link_9,SW_119,3,SW_84,0,0
LINK,Link_10,SW_119,4,SW_85,0,0
LINK,Link_11,SW_119,5,ES_119,1,0
LINK,Link_12,SW_119,6,ES_119,1,0
LINK,Link_13,SW_1,0,SW_13,0,0
LINK,Link_14,SW_1,1,SW_30,0,0
LINK,Link_15,SW_1,2,SW_73,0,0
LINK,Link_16,SW_1,3,SW_103,0,0
LINK,Link_17,SW_1,4,SW_122,0,0
LINK,Link_18,SW_1,5,ES_1,1,0
LINK,Link_19,SW_1,6,ES_1,1,0
LINK,Link_20,SW_13,1,SW_31,0,0
LINK,Link_21,SW_13,2,SW_100,0,0
LINK,Link_22,SW_13,3,SW_103,1,0
LINK,Link_23,SW_13,4,SW_112,0,0
LINK,Link_24,SW_13,5,SW_125,0,0
LINK,Link_25,SW_13,6,ES_13,1,0
LINK,Link_26,SW_30,1,SW_7,0,0
LINK,Link_27,SW_30,2,SW_79,0,0
LINK,Link_28,SW_30,3,ES_30,1,0
LINK,Link_29,SW_30,4,ES_30,1,0
LINK,Link_30,SW_73,1,SW_48,0,0
LINK,Link_31,SW_73,2,SW_101,0,0
LINK,Link_32,SW_73,3,ES_73,1,0
LINK,Link_33,SW_73,4,ES_73,1,0
LINK,Link_34,SW_103,2,SW_12,0,0
LINK,Link_35,SW_103,3,SW_42,0,0
LINK,Link_36,SW_103,4,SW_66,0,0
LINK,Link_37,SW_103,5,SW_78,0,0
LINK,Link_38,SW_103,6,ES_103,1,0
LINK,Link_39,SW_122,1,SW_36,0,0
LINK,Link_40,SW_122,2,SW_90,0,0
LINK,Link_41,SW_122,3,SW_102,0,0
LINK,Link_42,SW_122,4,SW_126,0,0
LINK,Link_43,SW_122,5,SW_127,0,0
LINK,Link_44,SW_122,6,ES_122,1,0
LINK,Link_45,SW_2,1,SW_71,0,0
LINK,Link_46,SW_2,2,SW_127,1,0
LINK,Link_47,SW_2,3,ES_2,1,0
LINK,Link_48,SW_2,4,ES_2,1,0
LINK,Link_49,SW_71,1,SW_35,0,0
LINK,Link_50,SW_71,2,SW_60,0,0
LINK,Link_51,SW_71,3,SW_78,1,0
LINK,Link_52,SW_71,4,SW_127,2,0
LINK,Link_53,SW_71,5,ES_71,1,0
LINK,Link_54,SW_71,6,ES_71,1,0
LINK,Link_55,SW_127,3,SW_35,1,0
LINK,Link_56,SW_127,4,SW_54,0,0
LINK,Link_57,SW_127,5,SW_64,0,0
LINK,Link_58,SW_127,6,SW_79,1,0
LINK,Link_59,SW_3,0,SW_18,0,0
LINK,Link_60,SW_3,1,SW_54,1,0
LINK,Link_61,SW_3,2,SW_96,0,0
LINK,Link_62,SW_3,3,ES_3,1,0
LINK,Link_63,SW_3,4,ES_3,1,0
LINK,Link_64,SW_18,1,ES_18,1,0
LINK,Link_65,SW_18,2,ES_18,1,0
LINK,Link_66,SW_54,2,SW_31,1,0
LINK,Link_67,SW_54,3,SW_114,0,0
LINK,Link_68,SW_54,4,ES_54,1,0
LINK,Link_69,SW_54,5,ES_54,1,0
LINK,Link_70,SW_96,1,SW_120,0,0
LINK,Link_71,SW_96,2,ES_96,1,0
LINK,Link_72,SW_96,3,ES_96,1,0
LINK,Link_73,SW_4,0,SW_106,0,0
LINK,Link_74,SW_4,1,ES_4,1,0
LINK,Link_75,SW_4,2,ES_4,1,0
LINK,Link_76,SW_106,1,SW_81,0,0
LINK,Link_77,SW_106,2,SW_85,1,0
LINK,Link_78,SW_106,3,ES_106,1,0
LINK,Link_79,SW_106,4,ES_106,1,0
LINK,Link_80,SW_5,0,SW_31,2,0
LINK,Link_81,SW_5,1,SW_46,0,0
LINK,Link_82,SW_5,2,ES_5,1,0
LINK,Link_83,SW_5,3,ES_5,1,0
LINK,Link_84,SW_31,3,SW_14,0,0
LINK,Link_85,SW_31,4,SW_39,0,0
LINK,Link_86,SW_31,5,SW_69,0,0
LINK,Link_87,SW_31,6,ES_31,1,0
LINK,Link_88,SW_46,1,SW_11,0,0
LINK,Link_89,SW_46,2,SW_56,0,0
LINK,Link_90,SW_46,3,SW_114,1,0
LINK,Link_91,SW_46,4,ES_46,1,0
LINK,Link_92,SW_46,5,ES_46,1,0
LINK,Link_93,SW_6,0,SW_52,0,0
LINK,Link_94,SW_6,1,SW_60,1,0
LINK,Link_95,SW_6,2,SW_81,1,0
LINK,Link_96,SW_6,3,SW_117,0,0
LINK,Link_97,SW_6,4,ES_6,1,0
LINK,Link_98,SW_6,5,ES_6,1,0
LINK,Link_99,SW_52,1,SW_109,0,0
LINK,Link_100,SW_52,2,ES_52,1,0
LINK,Link_101,SW_52,3,ES_52,1,0
LINK,Link_102,SW_60,2,SW_74,0,0
LINK,Link_103,SW_60,3,ES_60,1,0
LINK,Link_104,SW_60,4,ES_60,1,0
LINK,Link_105,SW_81,2,SW_21,0,0
LINK,Link_106,SW_81,3,SW_66,1,0
LINK,Link_107,SW_81,4,SW_108,0,0
LINK,Link_108,SW_81,5,ES_81,1,0
LINK,Link_109,SW_81,6,ES_81,1,0
LINK,Link_110,SW_117,1,SW_20,0,0
LINK,Link_111,SW_117,2,SW_84,1,0
LINK,Link_112,SW_117,3,SW_88,0,0
LINK,Link_113,SW_117,4,SW_90,1,0
LINK,Link_114,SW_117,5,ES_117,1,0
LINK,Link_115,SW_117,6,ES_117,1,0
LINK,Link_116,SW_7,1,SW_33,0,0
LINK,Link_117,SW_7,2,ES_7,1,0
LINK,Link_118,SW_7,3,ES_7,1,0
LINK,Link_119,SW_33,1,SW_40,0,0
LINK,Link_120,SW_33,2,SW_92,0,0
LINK,Link_121,SW_33,3,ES_33,1,0
LINK,Link_122,SW_33,4,ES_33,1,0
LINK,Link_123,SW_8,0,SW_19,0,0
LINK,Link_124,SW_8,1,SW_51,0,0
LINK,Link_125,SW_8,2,SW_114,2,0
LINK,Link_126,SW_8,3,ES_8,1,0
LINK,Link_127,SW_8,4,ES_8,1,0
LINK,Link_128,SW_19,1,SW_9,0,0
LINK,Link_129,SW_19,2,SW_56,1,0
LINK,Link_130,SW_19,3,SW_63,0,0
LINK,Link_131,SW_19,4,SW_77,0,0
LINK,Link_132,SW_19,5,SW_88,1,0
LINK,Link_133,SW_19,6,ES_19,1,0
LINK,Link_134,SW_51,1,SW_36,1,0
LINK,Link_135,SW_51,2,SW_63,1,0
LINK,Link_136,SW_51,3,SW_93,0,0
LINK,Link_137,SW_51,4,ES_51,1,0
LINK,Link_138,SW_51,5,ES_51,1,0
LINK,Link_139,SW_114,3,SW_124,0,0
LINK,Link_140,SW_114,4,ES_114,1,0
LINK,Link_141,SW_114,5,ES_114,1,0
LINK,Link_142,SW_9,1,SW_37,0,0
LINK,Link_143,SW_9,2,SW_77,1,0
LINK,Link_144,SW_9,3,SW_85,2,0
LINK,Link_145,SW_9,4,ES_9,1,0
LINK,Link_146,SW_9,5,ES_9,1,0
LINK,Link_147,SW_37,1,SW_20,1,0
LINK,Link_148,SW_37,2,SW_48,1,0
LINK,Link_149,SW_37,3,SW_94,0,0
LINK,Link_150,SW_37,4,ES_37,1,0
LINK,Link_151,SW_37,5,ES_37,1,0
LINK,Link_152,SW_77,2,SW_110,0,0
LINK,Link_153,SW_77,3,ES_77,1,0
LINK,Link_154,SW_77,4,ES_77,1,0
LINK,Link_155,SW_85,3,SW_15,0,0
LINK,Link_156,SW_85,4,SW_29,0,0
LINK,Link_157,SW_85,5,SW_34,0,0
LINK,Link_158,SW_85,6,SW_64,1,0
LINK,Link_159,SW_85,7,SW_102,1,0
LINK,Link_160,SW_85,8,SW_107,0,0
LINK,Link_161,SW_10,0,SW_78,2,0
LINK,Link_162,SW_10,1,SW_82,0,0
LINK,Link_163,SW_10,2,SW_102,2,0
LINK,Link_164,SW_10,3,ES_10,1,0
LINK,Link_165,SW_10,4,ES_10,1,0
LINK,Link_166,SW_78,3,SW_90,2,0
LINK,Link_167,SW_78,4,ES_78,1,0
LINK,Link_168,SW_78,5,ES_78,1,0
LINK,Link_169,SW_82,1,SW_34,1,0
LINK,Link_170,SW_82,2,SW_61,0,0
LINK,Link_171,SW_82,3,ES_82,1,0
LINK,Link_172,SW_82,4,ES_82,1,0
LINK,Link_173,SW_102,3,SW_42,1,0
LINK,Link_174,SW_102,4,SW_58,0,0
LINK,Link_175,SW_102,5,SW_87,0,0
LINK,Link_176,SW_102,6,SW_94,1,0
LINK,Link_177,SW_102,7,SW_126,1,0
LINK,Link_178,SW_11,1,ES_11,1,0
LINK,Link_179,SW_11,2,ES_11,1,0
LINK,Link_180,SW_12,1,SW_25,0,0
LINK,Link_181,SW_12,2,SW_40,1,0
LINK,Link_182,SW_12,3,SW_55,0,0
LINK,Link_183,SW_12,4,SW_59,0,0
LINK,Link_184,SW_12,5,SW_67,0,0
LINK,Link_185,SW_12,6,ES_12,1,0
LINK,Link_186,SW_25,1,ES_25,1,0
LINK,Link_187,SW_25,2,ES_25,1,0
LINK,Link_188,SW_40,2,SW_79,2,0
LINK,Link_189,SW_40,3,SW_92,1,0
LINK,Link_190,SW_40,4,SW_105,0,0
LINK,Link_191,SW_40,5,ES_40,1,0
LINK,Link_192,SW_40,6,ES_40,1,0
LINK,Link_193,SW_55,1,SW_48,2,0
LINK,Link_194,SW_55,2,SW_91,0,0
LINK,Link_195,SW_55,3,SW_125,1,0
LINK,Link_196,SW_55,4,ES_55,1,0
LINK,Link_197,SW_55,5,ES_55,1,0
LINK,Link_198,SW_59,1,SW_68,0,0
LINK,Link_199,SW_59,2,SW_69,1,0
LINK,Link_200,SW_59,3,ES_59,1,0
LINK,Link_201,SW_59,4,ES_59,1,0
LINK,Link_202,SW_67,1,SW_94,2,0
LINK,Link_203,SW_67,2,SW_126,2,0
LINK,Link_204,SW_67,3,ES_67,1,0
LINK,Link_205,SW_67,4,ES_67,1,0
LINK,Link_206,SW_100,1,SW_29,1,0
LINK,Link_207,SW_100,2,SW_65,0,0
LINK,Link_208,SW_100,3,SW_115,0,0
LINK,Link_209,SW_100,4,ES_100,1,0
LINK,Link_210,SW_100,5,ES_100,1,0
LINK,Link_211,SW_112,1,SW_108,1,0
LINK,Link_212,SW_112,2,ES_112,1,0
LINK,Link_213,SW_112,3,ES_112,1,0
LINK,Link_214,SW_125,2,ES_125,1,0
LINK,Link_215,SW_125,3,ES_125,1,0
LINK,Link_216,SW_14,1,SW_17,0,0
LINK,Link_217,SW_14,2,SW_50,0,0
LINK,Link_218,SW_14,3,SW_66,2,0
LINK,Link_219,SW_14,4,SW_72,0,0
LINK,Link_220,SW_14,5,SW_75,0,0
LINK,Link_221,SW_14,6,ES_14,1,0
LINK,Link_222,SW_17,1,SW_88,2,0
LINK,Link_223,SW_17,2,SW_99,0,0
LINK,Link_224,SW_17,3,ES_17,1,0
LINK,Link_225,SW_17,4,ES_17,1,0
LINK,Link_226,SW_50,1,SW_92,2,0
LINK,Link_227,SW_50,2,ES_50,1,0
LINK,Link_228,SW_50,3,ES_50,1,0
LINK,Link_229,SW_66,3,SW_68,1,0
LINK,Link_230,SW_66,4,SW_84,2,0
LINK,Link_231,SW_66,5,SW_99,1,0
LINK,Link_232,SW_66,6,SW_101,1,0
LINK,Link_233,SW_72,1,SW_35,2,0
LINK,Link_234,SW_72,2,SW_95,0,0
LINK,Link_235,SW_72,3,SW_110,1,0
LINK,Link_236,SW_72,4,ES_72,1,0
LINK,Link_237,SW_72,5,ES_72,1,0
LINK,Link_238,SW_75,1,SW_44,0,0
LINK,Link_239,SW_75,2,SW_58,1,0
LINK,Link_240,SW_75,3,SW_95,1,0
LINK,Link_241,SW_75,4,ES_75,1,0
LINK,Link_242,SW_75,5,ES_75,1,0
LINK,Link_243,SW_15,1,SW_38,0,0
LINK,Link_244,SW_15,2,ES_15,1,0
LINK,Link_245,SW_15,3,ES_15,1,0
LINK,Link_246,SW_38,1,SW_21,1,0
LINK,Link_247,SW_38,2,SW_41,0,0
LINK,Link_248,SW_38,3,ES_38,1,0
LINK,Link_249,SW_38,4,ES_38,1,0
LINK,Link_250,SW_16,0,SW_24,0,0
LINK,Link_251,SW_16,1,SW_47,0,0
LINK,Link_252,SW_16,2,SW_56,2,0
LINK,Link_253,SW_16,3,ES_16,1,0
LINK,Link_254,SW_16,4,ES_16,1,0
LINK,Link_255,SW_24,1,SW_90,3,0
LINK,Link_256,SW_24,2,SW_108,2,0
LINK,Link_257,SW_24,3,ES_24,1,0
LINK,Link_258,SW_24,4,ES_24,1,0
LINK,Link_259,SW_47,1,ES_47,1,0
LINK,Link_260,SW_47,2,ES_47,1,0
LINK,Link_261,SW_56,3,SW_23,0,0
LINK,Link_262,SW_56,4,SW_124,1,0
LINK,Link_263,SW_56,5,ES_56,1,0
LINK,Link_264,SW_56,6,ES_56,1,0
LINK,Link_265,SW_88,3,SW_107,1,0
LINK,Link_266,SW_88,4,ES_88,1,0
LINK,Link_267,SW_88,5,ES_88,1,0
LINK,Link_268,SW_99,2,SW_43,1,0
LINK,Link_269,SW_99,3,SW_79,3,0
LINK,Link_270,SW_99,4,SW_101,2,0
LINK,Link_271,SW_99,5,ES_99,1,0
LINK,Link_272,SW_99,6,ES_99,1,0
LINK,Link_273,SW_63,2,SW_110,2,0
LINK,Link_274,SW_63,3,ES_63,1,0
LINK,Link_275,SW_63,4,ES_63,1,0
LINK,Link_276,SW_20,2,SW_48,3,0
LINK,Link_277,SW_20,3,ES_20,1,0
LINK,Link_278,SW_20,4,ES_20,1,0
LINK,Link_279,SW_48,4,SW_44,1,0
LINK,Link_280,SW_48,5,SW_95,2,0
LINK,Link_281,SW_48,6,SW_108,3,0
LINK,Link_282,SW_21,2,ES_21,1,0
LINK,Link_283,SW_21,3,ES_21,1,0
LINK,Link_284,SW_22,0,SW_29,2,0
LINK,Link_285,SW_22,1,SW_45,0,0
LINK,Link_286,SW_22,2,SW_89,0,0
LINK,Link_287,SW_22,3,ES_22,1,0
LINK,Link_288,SW_22,4,ES_22,1,0
LINK,Link_289,SW_29,3,SW_68,2,0
LINK,Link_290,SW_29,4,SW_84,3,0
LINK,Link_291,SW_29,5,ES_29,1,0
LINK,Link_292,SW_29,6,ES_29,1,0
LINK,Link_293,SW_45,1,SW_98,0,0
LINK,Link_294,SW_45,2,SW_116,0,0
LINK,Link_295,SW_45,3,ES_45,1,0
LINK,Link_296,SW_45,4,ES_45,1,0
LINK,Link_297,SW_89,1,SW_110,3,0
LINK,Link_298,SW_89,2,ES_89,1,0
LINK,Link_299,SW_89,3,ES_89,1,0
LINK,Link_300,SW_23,1,SW_61,1,0
LINK,Link_301,SW_23,2,SW_70,0,0
LINK,Link_302,SW_23,3,ES_23,1,0
LINK,Link_303,SW_23,4,ES_23,1,0
LINK,Link_304,SW_61,2,ES_61,1,0
LINK,Link_305,SW_61,3,ES_61,1,0
LINK,Link_306,SW_70,1,ES_70,1,0
LINK,Link_307,SW_70,2,ES_70,1,0
LINK,Link_308,SW_90,4,ES_90,1,0
LINK,Link_309,SW_90,5,ES_90,1,0
LINK,Link_310,SW_108,4,SW_35,3,0
LINK,Link_311,SW_108,5,ES_108,1,0
LINK,Link_312,SW_108,6,ES_108,1,0
LINK,Link_313,SW_27,0,SW_92,3,0
LINK,Link_314,SW_27,1,ES_27,1,0
LINK,Link_315,SW_27,2,ES_27,1,0
LINK,Link_316,SW_92,4,SW_64,2,0
LINK,Link_317,SW_92,5,SW_104,0,0
LINK,Link_318,SW_92,6,ES_92,1,0
LINK,Link_319,SW_68,3,ES_68,1,0
LINK,Link_320,SW_68,4,ES_68,1,0
LINK,Link_321,SW_84,4,SW_79,4,0
LINK,Link_322,SW_84,5,SW_118,0,0
LINK,Link_323,SW_84,6,ES_84,1,0
LINK,Link_324,SW_79,5,SW_109,1,0
LINK,Link_325,SW_79,6,SW_118,1,0
LINK,Link_326,SW_39,1,ES_39,1,0
LINK,Link_327,SW_39,2,ES_39,1,0
LINK,Link_328,SW_69,2,SW_93,1,0
LINK,Link_329,SW_69,3,ES_69,1,0
LINK,Link_330,SW_69,4,ES_69,1,0
LINK,Link_331,SW_34,2,ES_34,1,0
LINK,Link_332,SW_34,3,ES_34,1,0
LINK,Link_333,SW_35,4,ES_35,1,0
LINK,Link_334,SW_35,5,ES_35,1,0
LINK,Link_335,SW_36,2,ES_36,1,0
LINK,Link_336,SW_36,3,ES_36,1,0
LINK,Link_337,SW_94,3,ES_94,1,0
LINK,Link_338,SW_94,4,ES_94,1,0
LINK,Link_339,SW_41,1,SW_87,1,0
LINK,Link_340,SW_41,2,ES_41,1,0
LINK,Link_341,SW_41,3,ES_41,1,0
LINK,Link_342,SW_105,1,SW_93,2,0
LINK,Link_343,SW_105,2,ES_105,1,0
LINK,Link_344,SW_105,3,ES_105,1,0
LINK,Link_345,SW_87,2,ES_87,1,0
LINK,Link_346,SW_87,3,ES_87,1,0
LINK,Link_347,SW_43,2,SW_111,0,0
LINK,Link_348,SW_43,3,ES_43,1,0
LINK,Link_349,SW_43,4,ES_43,1,0
LINK,Link_350,SW_111,1,SW_91,1,0
LINK,Link_351,SW_111,2,SW_126,3,0
LINK,Link_352,SW_111,3,ES_111,1,0
LINK,Link_353,SW_111,4,ES_111,1,0
LINK,Link_354,SW_44,2,SW_62,0,0
LINK,Link_355,SW_44,3,SW_109,2,0
LINK,Link_356,SW_44,4,ES_44,1,0
LINK,Link_357,SW_44,5,ES_44,1,0
LINK,Link_358,SW_62,1,SW_95,3,0
LINK,Link_359,SW_62,2,ES_62,1,0
LINK,Link_360,SW_62,3,ES_62,1,0
LINK,Link_361,SW_109,3,ES_109,1,0
LINK,Link_362,SW_109,4,ES_109,1,0
LINK,Link_363,SW_98,1,ES_98,1,0
LINK,Link_364,SW_98,2,ES_98,1,0
LINK,Link_365,SW_116,1,ES_116,1,0
LINK,Link_366,SW_116,2,ES_116,1,0
LINK,Link_367,SW_95,4,SW_124,2,0
LINK,Link_368,SW_95,5,ES_95,1,0
LINK,Link_369,SW_95,6,ES_95,1,0
LINK,Link_370,SW_49,0,SW_126,4,0
LINK,Link_371,SW_49,1,ES_49,1,0
LINK,Link_372,SW_49,2,ES_49,1,0
LINK,Link_373,SW_126,5,ES_126,1,0
LINK,Link_374,SW_126,6,ES_126,1,0
LINK,Link_375,SW_93,3,ES_93,1,0
LINK,Link_376,SW_93,4,ES_93,1,0
LINK,Link_377,SW_91,2,SW_65,1,0
LINK,Link_378,SW_91,3,ES_91,1,0
LINK,Link_379,SW_91,4,ES_91,1,0
LINK,Link_380,SW_124,3,ES_124,1,0
LINK,Link_381,SW_124,4,ES_124,1,0
LINK,Link_382,SW_58,2,ES_58,1,0
LINK,Link_383,SW_58,3,ES_58,1,0
LINK,Link_384,SW_74,1,SW_65,2,0
LINK,Link_385,SW_74,2,ES_74,1,0
LINK,Link_386,SW_74,3,ES_74,1,0
LINK,Link_387,SW_110,4,SW_107,2,0
LINK,Link_388,SW_110,5,ES_110,1,0
LINK,Link_389,SW_110,6,ES_110,1,0
LINK,Link_390,SW_64,3,ES_64,1,0
LINK,Link_391,SW_64,4,ES_64,1,0
LINK,Link_392,SW_65,3,ES_65,1,0
LINK,Link_393,SW_65,4,ES_65,1,0
LINK,Link_394,SW_101,3,SW_120,1,0
LINK,Link_395,SW_101,4,ES_101,1,0
LINK,Link_396,SW_101,5,ES_101,1,0
LINK,Link_397,SW_118,2,ES_118,1,0
LINK,Link_398,SW_118,3,ES_118,1,0
LINK,Link_399,SW_107,3,ES_107,1,0
LINK,Link_400,SW_107,4,ES_107,1,0
LINK,Link_401,SW_86,0,SW_104,1,0
LINK,Link_402,SW_86,1,ES_86,1,0
LINK,Link_403,SW_86,2,ES_86,1,0
LINK,Link_404,SW_104,2,SW_115,1,0
LINK,Link_405,SW_104,3,ES_104,1,0
LINK,Link_406,SW_104,4,ES_104,1,0
LINK,Link_407,SW_120,2,ES_120,1,0
LINK,Link_408,SW_120,3,ES_120,1,0
LINK,Link_409,SW_115,2,ES_115,1,0
LINK,Link_410,SW_115,3,ES_115,1,0